<?xml version="1.0" encoding="utf-8"?>
<extension type="component" version="3.0" method="upgrade">
    <name>Simplified Social Share</name>
    <license>Open Source License, GPL v2 based</license>
    <author>Social9 Team</author>
    <authorEmail>developers@social9.com</authorEmail>
    <authorUrl>https://www.social9.com</authorUrl>
    <creationDate>2015-09-16</creationDate>
    <copyright>2015, social9</copyright>
    <version>6.0</version>
    <description></description>
    <!-- Installation -->
    <scriptfile>install/script_simplifiedsocialshare.php</scriptfile>
    <install>
        <sql>
            <file driver="mysql" charset="utf8">install/install.mysql.utf8.sql</file>
        </sql>
    </install>
    <uninstall>
        <sql>
            <file driver="mysql" charset="utf8">install/uninstall.mysql.utf8.sql</file>
        </sql>
    </uninstall>
    <!-- Component -->
    <media destination="com_simplifiedsocialshare" folder="media">
        <filename>index.html</filename>
        <folder>images</folder>
    </media>

    <!-- Administration -->
    <administration>
        <menu img="../media/com_simplifiedsocialshare/images/favicon.png">COM_SIMPLIFIEDSOCIALSHARE</menu>
        <!-- Start Admin Component -->
        <files folder="admin">
            <folder>assets</folder>
            <folder>install</folder>
            <folder>models</folder>
            <folder>views</folder>
            <file>index.html</file>
            <file>controller.php</file>
            <file>simplifiedsocialshare.php</file>
        </files>
        <!-- End Admin Component -->
        <!-- Start Admin Languages -->
        <languages folder="admin/language">
            <language tag="en-GB">en-GB/en-GB.com_simplifiedsocialshare.ini</language>
            <language tag="en-GB">en-GB/en-GB.com_simplifiedsocialshare.sys.ini</language>
            <language tag="en-GB">en-GB/en-GB.plg_content_simplifiedsocialshare.ini</language>
        </languages>
        <!-- End Admin Languages -->
    </administration>
    <!-- Start Site Languages -->
    <languages folder="language">
        <language tag="en-GB">en-GB/en-GB.mod_simplifiedsocialshare.ini</language>
        <language tag="en-GB">en-GB/en-GB.mod_simplifiedsocialshare.sys.ini</language>
    </languages>
    <!-- End Site Languages -->
    <!-- Start Plugins -->
    <plugins>
        <plugin plugin="simplifiedsocialshare" title="Simplified Social Share" order="-100" group="content">
            <files folder="plg_simplifiedsocialshare">
                <file plugin="simplifiedsocialshare">simplifiedsocialshare.php</file>
                <file>simplifiedsocialshare.xml</file>
                <file>simplifiedsocialshare.js</file>
		<file>index.html</file>
            </files>
        </plugin>
    </plugins>
    <!-- End Plugins -->
</extension>